{"cameraMode":{"drawMode":2,"name":"Shaded Wireframe","section":"Shading Mode"},"sceneLighting":true,"audioPlay":false,"sceneViewState":{"showFog":true,"showMaterialUpdate":false,"showSkybox":true,"showFlares":true,"showImageEffects":true,"showParticleSystems":true},"in2DMode":false,"pivot":{"x":-2.608691453933716,"y":-13.375490188598633,"z":327.7701721191406},"rotation":{"x":0.02489662915468216,"y":-0.002678362652659416,"z":0.00005827316999784671,"w":0.9997025728225708},"size":188.19290161132813,"orthographic":false}